날짜,예측환율,실제환율
2019-02-27,1132.26,1118.3
2019-02-28,1131.8,1117.8
2019-03-04,1131.38,1119.9
2019-03-05,1131.62,1125.0
2019-03-06,1131.9,1125.8
2019-03-07,1131.87,1127.8
2019-03-08,1132.12,1128.3
2019-03-11,1132.69,1134.0
2019-03-12,1133.58,1134.5
2019-03-13,1134.39,1128.7
2019-03-14,1134.92,1131.5
2019-03-15,1135.79,1132.7
2019-03-18,1136.7,1136.1
2019-03-19,1137.74,1133.7
2019-03-20,1138.27,1130.9
2019-03-21,1138.12,1130.4
2019-03-22,1137.91,1125.8
2019-03-25,1137.42,1129.8
2019-03-26,1137.87,1134.9
2019-03-27,1138.23,1132.1
2019-03-28,1138.38,1134.7
2019-03-29,1138.74,1137.8
2019-04-01,1138.83,1136.1
2019-04-02,1139.46,1132.7
2019-04-03,1139.66,1135.8
2019-04-04,1140.26,1134.9
2019-04-05,1140.71,1135.5
2019-04-08,1141.12,1136.4
2019-04-09,1141.56,1141.4
2019-04-10,1142.2,1142.8
2019-04-11,1142.77,1141.2
2019-04-12,1143.17,1139.2
2019-04-15,1143.75,1140.5
2019-04-16,1143.62,1133.9
2019-04-17,1143.69,1135.7
2019-04-18,1143.77,1136.1
2019-04-19,1143.61,1136.2
2019-04-22,1143.77,1137.1
2019-04-23,1143.6,1140.8
2019-04-24,1143.67,1141.1
2019-04-25,1144.23,1146.9
2019-04-26,1145.66,1158.7
2019-04-29,1147.57,1159.7
2019-04-30,1149.48,1158.2
2019-05-02,1151.18,1163.8
2019-05-03,1153.62,1163.9
2019-05-07,1156.13,1169.4
2019-05-08,1158.65,1169.8
2019-05-09,1161.42,1169.9
2019-05-10,1163.85,1175.8
2019-05-13,1166.41,1178.1
2019-05-14,1168.15,1183.1
2019-05-15,1171.03,1187.0
2019-05-16,1173.33,1189.4
2019-05-17,1175.82,1189.8
2019-05-20,1178.24,1192.7
2019-05-21,1180.62,1192.9
2019-05-22,1182.98,1193.3
2019-05-23,1184.81,1194.6
2019-05-24,1186.07,1191.2
2019-05-27,1187.22,1189.6
2019-05-28,1187.89,1184.1
2019-05-29,1188.0,1187.6
2019-05-30,1188.42,1193.1
2019-05-31,1188.85,1190.0
2019-06-03,1188.48,1191.2
2019-06-04,1187.84,1183.0
2019-06-05,1186.75,1181.5
2019-06-07,1185.68,1179.8
2019-06-10,1184.5,1179.5
2019-06-11,1183.95,1184.0
2019-06-12,1183.46,1181.7
2019-06-13,1182.57,1181.7
2019-06-14,1181.99,1184.7
2019-06-17,1181.58,1184.0
2019-06-18,1181.62,1186.3
2019-06-19,1181.74,1185.0
2019-06-20,1180.98,1177.0
2019-06-21,1180.25,1167.7
2019-06-24,1178.65,1162.0
2019-06-25,1176.98,1157.9
2019-06-26,1174.9,1154.7
2019-06-27,1173.06,1158.2
2019-06-28,1170.79,1156.8
2019-07-01,1168.65,1156.4
2019-07-02,1166.59,1155.4
2019-07-03,1164.76,1164.8
2019-07-04,1163.99,1170.4
2019-07-05,1163.94,1169.2
2019-07-08,1164.53,1170.4
2019-07-09,1165.56,1178.5
2019-07-10,1167.19,1179.9
2019-07-11,1168.94,1181.4
2019-07-12,1170.57,1173.8
2019-07-15,1171.91,1177.3
2019-07-16,1173.34,1179.2
2019-07-17,1174.72,1178.5
2019-07-18,1175.73,1180.4
2019-07-19,1176.46,1179.5
2019-07-22,1176.69,1173.4
2019-07-23,1177.03,1177.6
2019-07-24,1177.31,1178.4
2019-07-25,1177.82,1178.2
2019-07-26,1178.3,1179.8
2019-07-29,1178.88,1184.2
2019-07-30,1179.36,1183.4
2019-07-31,1179.65,1182.0
2019-08-01,1180.1,1181.9
2019-08-02,1180.5,1188.5
2019-08-05,1181.65,1194.8
2019-08-06,1183.1,1211.8
2019-08-07,1185.9,1214.3
2019-08-08,1188.26,1214.5
2019-08-09,1190.86,1211.3
2019-08-12,1193.02,1209.7
2019-08-13,1195.47,1215.6
2019-08-14,1198.72,1218.9
2019-08-16,1200.61,1211.7
2019-08-19,1202.97,1213.3
2019-08-20,1204.47,1210.7
2019-08-21,1205.39,1210.2
2019-08-22,1205.89,1204.0
2019-08-23,1205.78,1205.1
2019-08-26,1205.59,1212.2
2019-08-27,1206.19,1218.2
2019-08-28,1206.2,1213.1
2019-08-29,1206.39,1213.5
2019-08-30,1206.57,1215.2
2019-09-02,1206.55,1209.6
2019-09-03,1206.87,1211.9
2019-09-04,1207.37,1215.2
2019-09-05,1207.8,1209.7
2019-09-06,1207.84,1199.6
2019-09-09,1206.9,1196.9
2019-09-10,1205.23,1192.4
2019-09-11,1204.15,1191.9
2019-09-16,1202.86,1191.4
2019-09-17,1201.24,1184.0
2019-09-18,1199.38,1188.3
2019-09-19,1197.62,1190.5
2019-09-20,1195.82,1195.1
2019-09-23,1194.85,1191.1
2019-09-24,1194.0,1193.1
2019-09-25,1193.04,1194.0
2019-09-26,1193.0,1198.3
2019-09-27,1193.22,1199.1
2019-09-30,1193.67,1201.3
2019-10-01,1194.32,1199.2
2019-10-02,1194.5,1198.2
2019-10-04,1194.88,1203.7
2019-10-07,1195.49,1197.0
2019-10-08,1195.6,1196.5
2019-10-10,1195.71,1194.7
2019-10-11,1195.84,1196.1
2019-10-14,1195.52,1189.3
2019-10-15,1194.78,1183.7
2019-10-16,1193.88,1184.1
2019-10-17,1192.78,1187.0
2019-10-18,1191.63,1186.6
2019-10-21,1190.07,1180.5
2019-10-22,1188.69,1175.4
2019-10-23,1186.69,1171.4
2019-10-24,1184.73,1173.7
2019-10-25,1183.02,1171.0
2019-10-28,1181.96,1174.2
2019-10-29,1180.87,1169.6
2019-10-30,1179.47,1166.5
2019-10-31,1177.95,1168.4
2019-11-01,1176.17,1161.7
2019-11-04,1175.23,1167.6
2019-11-05,1174.32,1160.4
2019-11-06,1173.41,1160.1
2019-11-07,1171.96,1157.5
2019-11-08,1171.07,1160.6
2019-11-11,1170.27,1156.1
2019-11-12,1169.29,1161.3
2019-11-13,1168.78,1163.5
2019-11-14,1168.45,1167.6
2019-11-15,1168.46,1170.4
2019-11-18,1168.64,1166.3
2019-11-19,1168.33,1164.5
2019-11-20,1168.45,1168.6
2019-11-21,1168.77,1170.1
2019-11-22,1169.67,1176.5
2019-11-25,1171.15,1177.8
2019-11-26,1172.6,1176.2
2019-11-27,1173.27,1174.4
2019-11-28,1173.98,1176.0
2019-11-29,1174.94,1179.3
2019-12-02,1175.94,1180.3
2019-12-03,1176.99,1180.4
2019-12-04,1178.11,1186.2
2019-12-05,1179.49,1193.7
2019-12-06,1181.02,1190.2
2019-12-09,1182.5,1189.7
2019-12-10,1183.58,1189.3
2019-12-11,1184.79,1192.0
2019-12-12,1185.82,1193.3
2019-12-13,1187.19,1188.6
2019-12-16,1186.91,1171.7
2019-12-17,1186.6,1172.9
2019-12-18,1185.36,1166.7
2019-12-19,1183.78,1165.3
2019-12-20,1182.28,1164.5
2019-12-23,1180.47,1162.6
2019-12-24,1178.22,1161.7
2019-12-26,1176.02,1163.7
2019-12-27,1173.89,1161.2
2019-12-30,1171.9,1160.9
2019-12-31,1170.13,1157.8
2020-01-02,1168.48,1157.8
2020-01-03,1167.21,1156.9
2020-01-06,1166.19,1162.7
2020-01-07,1166.14,1169.6
2020-01-08,1166.41,1165.3
2020-01-09,1166.92,1174.1
2020-01-10,1167.1,1160.0
2020-01-13,1166.95,1161.1
2020-01-14,1166.94,1155.7
2020-01-15,1166.5,1153.1
2020-01-16,1166.22,1158.8
2020-01-17,1166.01,1159.6
2020-01-20,1165.73,1158.8
2020-01-21,1165.39,1158.8
2020-01-22,1164.43,1164.7
2020-01-23,1164.58,1165.1
2020-01-28,1164.71,1167.2
2020-01-29,1166.0,1176.7
2020-01-30,1167.08,1176.0
2020-01-31,1168.54,1183.5
2020-02-03,1170.37,1187.8
2020-02-04,1173.03,1196.0
2020-02-05,1175.55,1189.4
2020-02-06,1177.72,1188.5
2020-02-07,1179.81,1181.4
2020-02-10,1181.62,1187.2
2020-02-11,1183.65,1189.8
2020-02-12,1185.16,1184.1
2020-02-13,1186.21,1179.8
2020-02-14,1186.49,1181.5
2020-02-17,1186.71,1183.5
2020-02-18,1186.69,1182.2
2020-02-19,1186.91,1188.1
2020-02-20,1187.6,1190.8
2020-02-21,1188.0,1197.0
2020-02-24,1188.86,1205.6
2020-02-25,1189.99,1217.7
2020-02-26,1192.08,1212.7
2020-02-27,1194.25,1216.8
2020-02-28,1195.72,1215.9
2020-03-02,1196.89,1215.3
2020-03-03,1198.05,1200.3
2020-03-04,1197.97,1191.4
2020-03-05,1197.82,1186.4
2020-03-06,1196.48,1185.0
2020-03-09,1194.65,1191.4
2020-03-10,1191.96,1201.4
2020-03-11,1191.87,1196.7
2020-03-12,1189.7,1192.8
2020-03-13,1187.96,1202.0
2020-03-16,1188.65,1222.2
2020-03-17,1188.3,1219.6
2020-03-18,1191.94,1241.2
2020-03-19,1195.96,1237.8
2020-03-20,1201.29,1280.1
2020-03-23,1206.11,1254.1
2020-03-24,1211.49,1274.6
2020-03-25,1217.94,1256.0
2020-03-26,1221.54,1230.7
2020-03-27,1224.04,1227.9
2020-03-30,1224.57,1212.4
2020-03-31,1225.07,1222.6
2020-04-01,1225.05,1220.0
2020-04-02,1223.11,1222.2
2020-04-03,1222.22,1237.6
2020-04-06,1220.14,1229.8
2020-04-07,1219.24,1233.4
2020-04-08,1217.73,1222.4
2020-04-09,1216.45,1219.7
2020-04-10,1215.66,1216.4
2020-04-13,1214.75,1212.3
2020-04-14,1214.04,1218.7
2020-04-16,1213.53,1216.7
2020-04-17,1213.13,1227.5
2020-04-20,1212.86,1219.3
2020-04-21,1211.3,1218.7
2020-04-22,1210.6,1231.3
2020-04-23,1211.34,1235.2
2020-04-24,1212.46,1232.0
2020-04-27,1213.85,1235.8
2020-04-28,1215.05,1230.3
2020-04-29,1215.61,1225.2
2020-05-04,1216.26,1218.5
2020-05-06,1216.57,1227.8
2020-05-07,1217.21,1223.3
2020-05-08,1217.81,1226.5
2020-05-11,1217.49,1217.7
2020-05-12,1216.92,1217.8
2020-05-13,1215.8,1226.7
2020-05-14,1215.1,1226.3
2020-05-15,1215.17,1227.9
2020-05-18,1215.3,1229.3
2020-05-19,1215.77,1231.6
2020-05-20,1215.67,1224.5
2020-05-21,1215.66,1227.8
2020-05-22,1215.86,1230.7
2020-05-25,1216.94,1236.2
2020-05-26,1218.32,1242.0
2020-05-27,1219.43,1237.1
2020-05-28,1220.02,1233.7
2020-05-29,1220.59,1239.4
2020-06-01,1221.21,1237.6
2020-06-02,1221.29,1227.8
2020-06-03,1221.12,1224.1
2020-06-04,1220.21,1216.9
2020-06-05,1218.77,1217.4
2020-06-08,1217.42,1213.1
2020-06-09,1214.95,1204.2
2020-06-10,1212.19,1197.7
2020-06-11,1209.08,1194.4
2020-06-12,1205.34,1192.8
2020-06-15,1203.17,1206.6
2020-06-16,1200.88,1210.8
2020-06-17,1199.57,1206.6
2020-06-18,1198.63,1214.5
2020-06-19,1198.25,1213.0
2020-06-22,1198.17,1212.0
2020-06-23,1198.6,1213.2
2020-06-24,1199.07,1210.1
2020-06-25,1199.77,1202.9
2020-06-26,1200.02,1205.2
2020-06-29,1199.64,1198.6
2020-06-30,1199.58,1200.7
2020-07-01,1199.06,1198.5
2020-07-02,1198.16,1201.6
2020-07-03,1197.7,1201.0
2020-07-06,1196.92,1200.4
2020-07-07,1196.11,1196.8
2020-07-08,1194.97,1192.9
2020-07-09,1194.07,1195.8
2020-07-10,1193.13,1194.5
2020-07-13,1192.8,1202.4
2020-07-14,1192.64,1200.3
2020-07-15,1192.5,1206.4
2020-07-16,1192.54,1200.7
2020-07-17,1192.4,1204.1
2020-07-20,1192.48,1205.7
2020-07-21,1192.79,1203.7
2020-07-22,1192.95,1198.1
2020-07-23,1192.66,1193.7
2020-07-24,1192.28,1198.5
2020-07-27,1192.2,1201.3
2020-07-28,1192.02,1196.6
2020-07-29,1191.46,1195.1
2020-07-30,1190.96,1195.2
2020-07-31,1189.63,1191.4
2020-08-03,1188.64,1189.1
2020-08-04,1188.22,1193.7
2020-08-05,1187.7,1193.5
2020-08-06,1187.23,1190.3
2020-08-07,1186.15,1184.3
2020-08-10,1185.17,1185.9
2020-08-11,1184.41,1186.7
2020-08-12,1183.52,1184.9
2020-08-13,1182.74,1186.0
2020-08-14,1181.8,1183.6
2020-08-18,1181.08,1185.8
2020-08-19,1180.44,1185.1
2020-08-20,1180.1,1182.3
2020-08-21,1179.52,1186.3
2020-08-24,1179.57,1185.3
2020-08-25,1180.03,1190.0
2020-08-26,1180.2,1186.3
2020-08-27,1180.22,1187.0
2020-08-28,1180.41,1185.7
2020-08-31,1180.49,1185.1
2020-09-01,1180.24,1183.3
2020-09-02,1180.46,1184.6
2020-09-03,1180.56,1186.2
2020-09-04,1180.47,1187.5
2020-09-07,1180.62,1190.2
2020-09-08,1180.46,1187.2
2020-09-09,1180.13,1187.9
2020-09-10,1180.3,1189.6
2020-09-11,1179.99,1185.3
2020-09-14,1179.92,1188.3
2020-09-15,1180.0,1184.2
2020-09-16,1179.73,1180.5
2020-09-17,1179.41,1177.8
2020-09-18,1178.25,1175.4
2020-09-21,1177.02,1163.6
2020-09-22,1175.22,1160.6
2020-09-23,1173.46,1163.9
2020-09-24,1171.66,1164.4
2020-09-25,1170.65,1170.3
2020-09-28,1169.49,1170.5
2020-09-29,1168.71,1173.5
2020-10-05,1167.83,1169.5
2020-10-06,1167.3,1163.4
2020-10-07,1166.24,1160.0
2020-10-08,1166.05,1162.5
2020-10-12,1165.43,1156.2
2020-10-13,1164.34,1148.3
2020-10-14,1163.24,1149.5
2020-10-15,1161.62,1145.7
2020-10-16,1160.22,1144.6
2020-10-19,1158.42,1145.6
2020-10-20,1156.38,1142.2
2020-10-21,1154.36,1139.7
2020-10-22,1152.23,1133.7
2020-10-23,1150.31,1134.1
2020-10-26,1148.57,1134.6
2020-10-27,1146.56,1129.1
2020-10-28,1145.04,1127.6
2020-10-29,1143.12,1129.3
2020-10-30,1142.37,1133.4
2020-11-02,1141.45,1130.4
2020-11-03,1141.05,1134.7
2020-11-04,1140.32,1134.6
2020-11-05,1139.69,1136.5
2020-11-06,1139.18,1130.9
2020-11-09,1138.49,1124.4
2020-11-10,1137.89,1115.6
2020-11-11,1136.81,1115.9
2020-11-12,1135.66,1112.4
2020-11-13,1133.91,1113.2
2020-11-16,1132.37,1115.1
2020-11-17,1130.14,1108.0
2020-11-18,1127.78,1106.8
2020-11-19,1125.4,1105.9
2020-11-20,1123.36,1112.2
2020-11-23,1122.39,1114.2
2020-11-24,1121.66,1112.6
2020-11-25,1121.04,1111.2
2020-11-26,1120.29,1107.2
2020-11-27,1119.37,1105.8
2020-11-30,1118.54,1104.4
2020-12-01,1117.79,1104.9
2020-12-02,1117.51,1107.1
2020-12-03,1116.79,1103.3
2020-12-04,1115.16,1098.1
2020-12-07,1113.43,1086.6
2020-12-08,1110.99,1082.7
2020-12-09,1108.95,1084.4
2020-12-10,1106.97,1083.6
2020-12-11,1105.22,1086.2
2020-12-14,1103.4,1089.3
2020-12-15,1101.9,1090.8
2020-12-16,1100.87,1093.2
2020-12-17,1100.0,1092.2
2020-12-18,1099.77,1092.8
2020-12-21,1099.98,1097.9
2020-12-22,1100.69,1101.2
2020-12-23,1102.06,1106.6
2020-12-24,1103.63,1108.9
2020-12-28,1104.86,1103.7
2020-12-29,1105.5,1098.2
2020-12-30,1105.82,1093.2
2020-12-31,1105.75,1088.0
2021-01-04,1105.71,1088.0
2021-01-05,1105.24,1083.1
2021-01-06,1104.42,1086.1
2021-01-07,1103.46,1086.8
2021-01-08,1102.4,1087.7
2021-01-11,1101.46,1094.4
2021-01-12,1100.77,1097.8
2021-01-13,1100.7,1099.9
2021-01-14,1100.85,1095.0
2021-01-15,1101.29,1100.3
2021-01-18,1102.05,1097.9
2021-01-19,1103.51,1104.4
2021-01-20,1104.71,1102.1
2021-01-21,1105.77,1100.0
2021-01-22,1106.22,1099.2
2021-01-25,1106.73,1102.3
2021-01-26,1107.4,1103.2
2021-01-27,1107.99,1103.0
2021-01-28,1108.5,1104.0
2021-01-29,1109.25,1114.6
2021-02-01,1110.26,1117.2
2021-02-02,1111.98,1118.0
2021-02-03,1113.79,1116.6
2021-02-04,1115.13,1114.0
2021-02-05,1116.62,1116.7
2021-02-08,1118.22,1124.0
2021-02-09,1119.96,1119.1
2021-02-10,1121.36,1116.0
2021-02-15,1121.93,1110.1
2021-02-16,1121.49,1103.1
2021-02-17,1121.02,1099.7
2021-02-18,1120.56,1107.7
2021-02-19,1119.83,1105.7
2021-02-22,1119.2,1107.1
2021-02-23,1118.02,1106.5
2021-02-24,1117.35,1110.8
2021-02-25,1116.86,1110.2
2021-02-26,1116.06,1108.4
2021-03-02,1116.39,1121.8
2021-03-03,1116.0,1121.3
2021-03-04,1117.55,1122.9
2021-03-05,1119.43,1126.2
2021-03-08,1121.54,1129.4
2021-03-09,1123.27,1131.3
2021-03-10,1125.96,1141.1
2021-03-11,1128.31,1140.7
2021-03-12,1130.72,1137.3
2021-03-15,1132.39,1130.7
2021-03-16,1133.9,1135.9
2021-03-17,1135.07,1132.5
2021-03-18,1135.96,1131.8
2021-03-19,1136.07,1123.7
2021-03-22,1136.44,1131.8
2021-03-23,1136.51,1131.3
2021-03-24,1136.16,1128.0
2021-03-25,1136.2,1133.5
2021-03-26,1136.43,1134.2
2021-03-29,1136.74,1131.8
2021-03-30,1136.65,1131.7
2021-03-31,1136.79,1133.5
2021-04-01,1137.26,1132.6
2021-04-02,1137.32,1129.3
2021-04-05,1137.44,1127.5
2021-04-06,1137.37,1127.8
2021-04-07,1136.68,1122.9
2021-04-08,1135.59,1116.4
2021-04-09,1134.32,1118.5
2021-04-12,1133.09,1117.2
2021-04-13,1132.2,1124.3
2021-04-14,1131.52,1126.1
2021-04-15,1130.59,1119.9
2021-04-16,1129.5,1117.6
2021-04-19,1128.62,1117.9
2021-04-20,1127.77,1118.2
2021-04-21,1127.16,1113.4
2021-04-22,1126.78,1117.4
2021-04-23,1126.42,1116.3
2021-04-26,1126.1,1118.9
2021-04-27,1125.51,1114.0
2021-04-28,1124.73,1110.8
2021-04-29,1124.09,1112.5
2021-04-30,1123.35,1107.4
2021-05-03,1122.65,1109.6
2021-05-04,1122.59,1119.3
2021-05-06,1122.67,1121.1
2021-05-07,1123.03,1125.5
2021-05-10,1123.01,1121.4
2021-05-11,1122.56,1114.6
2021-05-12,1122.6,1119.1
2021-05-13,1123.12,1123.5
2021-05-14,1124.73,1130.6
2021-05-17,1126.0,1129.5
2021-05-18,1127.23,1133.0
2021-05-20,1128.6,1133.1
2021-05-21,1129.45,1132.2
2021-05-24,1130.39,1126.9
2021-05-25,1131.35,1127.6
2021-05-26,1131.75,1122.8
2021-05-27,1132.24,1118.6
2021-05-28,1131.87,1118.0
2021-05-31,1131.38,1116.0
2021-06-01,1130.3,1113.5
2021-06-02,1128.86,1107.0
2021-06-03,1127.22,1110.3
2021-06-04,1125.91,1111.8
2021-06-07,1124.91,1117.5
2021-06-08,1123.87,1111.2
2021-06-09,1123.04,1113.7
2021-06-10,1122.66,1115.8
2021-06-11,1122.28,1115.0
2021-06-14,1122.19,1111.2
2021-06-15,1122.53,1116.4
2021-06-16,1122.68,1117.8
2021-06-17,1123.25,1117.7
2021-06-18,1124.63,1129.5
2021-06-21,1126.02,1132.2
2021-06-22,1127.57,1135.4
2021-06-23,1128.96,1132.4
2021-06-24,1130.47,1135.6
2021-06-25,1132.12,1135.8
2021-06-28,1133.83,1128.8
2021-06-29,1135.09,1129.9
2021-06-30,1136.37,1130.0
2021-07-01,1137.47,1129.5
2021-07-02,1138.21,1132.2
2021-07-05,1138.7,1134.5
2021-07-06,1138.87,1130.3
2021-07-07,1138.84,1131.8
2021-07-08,1139.11,1137.6
2021-07-09,1139.69,1143.4
2021-07-12,1141.12,1148.3
2021-07-13,1142.55,1146.4
2021-07-14,1144.06,1145.1
2021-07-15,1145.37,1150.3
2021-07-16,1146.34,1143.7
2021-07-19,1147.26,1141.1
2021-07-20,1147.95,1145.7
2021-07-21,1149.35,1151.0
2021-07-22,1150.49,1150.6
2021-07-23,1151.43,1151.0
2021-07-26,1152.46,1149.5
2021-07-27,1153.16,1153.2
2021-07-28,1153.59,1150.2
2021-07-29,1154.37,1154.8
2021-07-30,1154.85,1147.4
2021-08-02,1154.71,1147.5
2021-08-03,1154.87,1151.5
2021-08-04,1154.98,1150.7
2021-08-05,1155.16,1145.8
2021-08-06,1154.98,1143.5
2021-08-09,1154.62,1142.3
2021-08-10,1154.29,1145.0
2021-08-11,1154.07,1148.5
2021-08-12,1154.36,1155.0
2021-08-13,1154.84,1158.9
2021-08-17,1155.62,1167.8
2021-08-18,1156.97,1174.9
2021-08-19,1159.27,1172.7
2021-08-20,1161.36,1174.5
2021-08-23,1164.05,1176.7
2021-08-24,1166.62,1174.0
2021-08-25,1168.73,1168.0
2021-08-26,1170.18,1166.5
2021-08-27,1171.53,1168.1
2021-08-30,1172.94,1170.8
2021-08-31,1173.28,1164.4
2021-09-01,1173.6,1162.8
2021-09-02,1173.03,1157.5
2021-09-03,1172.02,1159.7
2021-09-06,1171.19,1156.4
2021-09-07,1170.28,1157.3
2021-09-08,1169.49,1157.9
2021-09-09,1169.18,1164.5
2021-09-10,1169.22,1170.1
2021-09-13,1169.62,1170.4
2021-09-14,1170.35,1174.3
2021-09-15,1171.3,1172.2
2021-09-16,1172.44,1171.7
2021-09-17,1173.39,1169.1
2021-09-23,1174.86,1177.6
2021-09-24,1176.57,1181.7
2021-09-27,1178.04,1175.3
2021-09-28,1179.87,1175.9
2021-09-29,1181.06,1182.0
2021-09-30,1182.43,1184.9
2021-10-01,1184.05,1185.2
2021-10-05,1185.31,1187.2
2021-10-06,1187.2,1187.1
2021-10-07,1188.5,1190.0
2021-10-08,1190.01,1190.3
2021-10-12,1191.3,1193.4
2021-10-13,1192.72,1199.1
2021-10-14,1194.22,1195.0
2021-10-15,1195.04,1188.3
2021-10-18,1195.18,1182.8
2021-10-19,1194.9,1185.8
2021-10-20,1194.96,1181.7
2021-10-21,1194.35,1175.6
2021-10-22,1193.58,1175.8
2021-10-25,1192.78,1178.4
2021-10-26,1192.28,1171.8
2021-10-27,1190.84,1166.3
2021-10-28,1189.37,1168.1
2021-10-29,1187.89,1171.7
2021-11-01,1186.35,1169.6
2021-11-02,1185.23,1176.3
2021-11-03,1184.86,1175.5
2021-11-04,1184.84,1181.1
2021-11-05,1185.1,1180.0
2021-11-08,1185.68,1185.2
2021-11-09,1186.38,1184.3
2021-11-10,1188.0,1178.4
2021-11-11,1188.33,1181.0
2021-11-12,1189.47,1184.7
2021-11-15,1190.42,1179.6
2021-11-16,1191.17,1180.2
2021-11-17,1192.23,1179.6
2021-11-18,1192.55,1183.6
2021-11-19,1192.82,1180.5
2021-11-22,1193.22,1183.5
2021-11-23,1193.89,1187.4
2021-11-24,1194.44,1188.9
2021-11-25,1195.12,1188.5
2021-11-26,1195.7,1189.7
2021-11-29,1196.04,1193.0
2021-11-30,1196.8,1193.4
2021-12-01,1196.72,1187.7
2021-12-02,1196.12,1180.3
2021-12-03,1195.18,1177.3
2021-12-06,1194.04,1178.6
2021-12-07,1193.14,1183.7
2021-12-08,1192.87,1181.2
2021-12-09,1192.2,1176.4
2021-12-10,1190.85,1173.8
2021-12-13,1189.86,1178.2
2021-12-14,1188.33,1178.8
2021-12-15,1188.19,1183.6
2021-12-16,1188.43,1186.2
2021-12-17,1188.3,1183.5
2021-12-20,1188.32,1184.4
2021-12-21,1188.51,1189.8
2021-12-22,1189.5,1191.5
2021-12-23,1190.8,1191.2
2021-12-24,1191.77,1187.5
2021-12-27,1192.38,1186.4
2021-12-28,1193.31,1186.2
2021-12-29,1193.97,1186.7
2021-12-30,1194.57,1186.6
2021-12-31,1194.37,1185.5
2022-01-03,1194.45,1185.5
2022-01-04,1194.7,1190.8
2022-01-05,1195.19,1194.3
2022-01-06,1195.87,1198.2
2022-01-07,1196.78,1199.6
2022-01-10,1197.94,1202.4
2022-01-11,1198.93,1200.0
2022-01-12,1200.26,1195.2
2022-01-13,1201.19,1189.9
2022-01-14,1200.91,1188.2
2022-01-17,1201.15,1187.6
2022-01-18,1201.3,1192.3
2022-01-19,1201.46,1188.9
2022-01-20,1201.12,1191.8
2022-01-21,1200.1,1190.4
2022-01-24,1199.35,1193.6
2022-01-25,1199.09,1194.2
2022-01-26,1199.3,1197.8
2022-01-27,1200.25,1197.0
2022-01-28,1202.93,1202.4
2022-02-03,1203.93,1205.7
2022-02-04,1204.81,1205.4
2022-02-07,1205.65,1199.5
2022-02-08,1205.73,1199.4
2022-02-09,1206.23,1197.8
2022-02-10,1206.49,1196.0
2022-02-11,1206.64,1196.0
2022-02-14,1206.8,1199.6
2022-02-15,1207.36,1198.3
2022-02-16,1207.81,1198.5
2022-02-17,1208.04,1196.9
2022-02-18,1207.65,1197.1
2022-02-21,1207.47,1196.4
2022-02-22,1207.05,1194.6
2022-02-23,1206.85,1194.7
2022-02-24,1206.5,1192.1
2022-02-25,1206.64,1199.4
2022-02-28,1207.24,1202.7
2022-03-02,1207.21,1205.6
2022-03-03,1208.65,1205.0
2022-03-04,1209.52,1203.6
2022-03-07,1210.86,1211.5
2022-03-08,1213.2,1225.4
2022-03-10,1216.22,1234.5
2022-03-11,1218.82,1228.7
2022-03-14,1221.84,1232.4
2022-03-15,1224.8,1238.6
2022-03-16,1228.08,1241.7
2022-03-17,1231.68,1240.4
2022-03-18,1234.15,1220.6
2022-03-21,1235.35,1211.1
2022-03-22,1236.21,1213.7
2022-03-23,1237.21,1221.4
2022-03-24,1237.32,1212.7
2022-03-25,1237.6,1219.4
2022-03-28,1237.35,1218.3
2022-03-29,1236.96,1225.7
2022-03-30,1235.83,1220.5
2022-03-31,1234.17,1210.8
2022-04-01,1233.17,1210.7
2022-04-04,1232.91,1216.1
2022-04-05,1233.12,1216.7
2022-04-06,1233.59,1212.6
2022-04-07,1233.74,1219.1
2022-04-08,1234.1,1218.5
2022-04-11,1234.55,1224.0
2022-04-12,1235.52,1232.0
2022-04-13,1237.0,1236.6
2022-04-14,1238.62,1227.7
2022-04-15,1240.3,1224.2
2022-04-18,1241.93,1230.1
2022-04-19,1244.0,1232.8
2022-04-20,1245.95,1234.9
2022-04-21,1247.2,1237.1
2022-04-22,1248.32,1236.4
2022-04-25,1249.2,1241.7
2022-04-26,1249.77,1247.1
2022-04-27,1251.58,1248.3
2022-04-28,1254.64,1263.1
2022-04-29,1257.92,1269.4
2022-05-02,1261.11,1265.4
2022-05-03,1264.54,1265.8
2022-05-04,1268.02,1265.7
2022-05-06,1271.14,1261.8
2022-05-09,1274.3,1272.7
2022-05-10,1275.87,1274.6
2022-05-11,1278.31,1275.5
2022-05-12,1280.4,1277.0
2022-05-13,1282.46,1286.4
2022-05-16,1285.39,1286.0
2022-05-17,1287.22,1281.6
2022-05-18,1289.5,1277.2
2022-05-19,1290.32,1269.3
2022-05-20,1291.1,1274.6
2022-05-23,1290.91,1269.5
2022-05-24,1291.62,1267.7
2022-05-25,1290.66,1264.3
2022-05-26,1289.72,1263.3
2022-05-27,1288.84,1266.4
2022-05-30,1287.44,1256.9
2022-05-31,1285.57,1245.8
2022-06-02,1282.38,1238.4
2022-06-03,1280.18,1251.2
2022-06-07,1278.02,1241.1
2022-06-08,1277.43,1257.1
2022-06-09,1276.36,1255.4
2022-06-10,1275.59,1257.6
2022-06-13,1275.78,1266.0
2022-06-14,1277.29,1286.0
2022-06-15,1279.25,1289.7
2022-06-16,1281.56,1291.3
2022-06-17,1283.27,1284.1
2022-06-20,1286.14,1287.5
2022-06-21,1288.66,1291.7
2022-06-22,1291.72,1290.6
2022-06-23,1294.26,1295.7
2022-06-24,1296.54,1300.7
2022-06-27,1298.87,1299.4
2022-06-28,1300.33,1285.6
2022-06-29,1301.08,1284.9
2022-06-30,1301.73,1292.9
2022-07-01,1301.56,1299.8
2022-07-04,1301.6,1294.2
2022-07-05,1302.24,1297.9
2022-07-06,1302.39,1298.0
2022-07-07,1303.5,1307.4
2022-07-08,1305.32,1302.7
2022-07-11,1306.71,1299.3
2022-07-12,1308.16,1300.6
2022-07-13,1309.47,1312.9
2022-07-14,1311.08,1305.9
2022-07-15,1312.62,1310.0
2022-07-18,1314.59,1323.7
2022-07-19,1316.79,1317.8
2022-07-20,1318.83,1314.9
2022-07-21,1320.66,1308.6
2022-07-22,1321.95,1312.1
2022-07-25,1322.97,1311.7
2022-07-26,1324.29,1311.0
2022-07-27,1325.46,1310.0
2022-07-28,1325.76,1312.8
2022-07-29,1325.03,1304.0
2022-08-01,1324.0,1298.6
2022-08-02,1323.08,1306.4
2022-08-03,1322.79,1307.2
2022-08-04,1323.16,1310.5
2022-08-05,1322.47,1309.7
2022-08-08,1322.41,1299.3
2022-08-09,1321.27,1304.8
2022-08-10,1320.38,1305.1
2022-08-11,1320.31,1309.1
2022-08-12,1320.89,1302.5
2022-08-16,1321.73,1303.1
2022-08-17,1322.93,1309.6
2022-08-18,1323.54,1309.8
2022-08-19,1324.41,1317.3
2022-08-22,1326.25,1326.7
2022-08-23,1328.68,1338.2
2022-08-24,1331.2,1341.8
2022-08-25,1334.07,1341.4
2022-08-26,1336.92,1336.9
2022-08-29,1339.32,1332.5
2022-08-30,1341.92,1347.7
2022-08-31,1344.42,1347.5
2022-09-01,1347.16,1345.1
2022-09-02,1349.62,1351.4
2022-09-05,1351.52,1356.5
2022-09-06,1353.62,1369.7
2022-09-07,1355.89,1370.3
2022-09-08,1358.41,1385.3
2022-09-13,1361.24,1381.2
2022-09-14,1364.84,1374.8
2022-09-15,1368.95,1391.7
2022-09-16,1372.32,1394.2
2022-09-19,1375.55,1394.2
2022-09-20,1378.38,1390.1
2022-09-21,1381.0,1389.1
2022-09-22,1383.24,1393.6
2022-09-23,1385.17,1408.0
2022-09-26,1388.09,1408.4
2022-09-27,1391.65,1429.7
2022-09-28,1395.21,1427.2
2022-09-29,1397.81,1436.5
2022-09-30,1400.62,1434.8
2022-10-04,1404.08,1432.1
2022-10-05,1407.25,1431.2
2022-10-06,1410.12,1419.1
2022-10-07,1412.57,1404.2
2022-10-11,1413.48,1410.3
2022-10-12,1414.45,1433.5
2022-10-13,1415.28,1430.4
2022-10-14,1416.02,1427.0
2022-10-17,1416.62,1428.9
2022-10-18,1416.55,1436.6
2022-10-19,1416.38,1425.6
2022-10-20,1416.55,1420.6
2022-10-21,1417.1,1431.7
2022-10-24,1417.17,1436.6
2022-10-25,1418.01,1436.6
2022-10-26,1419.04,1436.5
2022-10-27,1418.85,1428.2
2022-10-28,1418.11,1418.1
2022-10-31,1418.11,1419.3
2022-11-01,1418.53,1422.2
2022-11-02,1418.13,1421.7
2022-11-03,1417.71,1418.0
2022-11-04,1417.34,1422.1
2022-11-07,1416.37,1422.4
2022-11-08,1414.83,1406.5
2022-11-09,1412.85,1387.3
2022-11-10,1409.88,1368.3
2022-11-11,1405.83,1370.1
2022-11-14,1401.05,1334.1
2022-11-15,1394.52,1320.3
2022-11-16,1387.81,1322.4
2022-11-17,1380.21,1325.6
2022-11-18,1373.99,1338.4
2022-11-21,1368.16,1340.0
2022-11-22,1363.26,1352.3
2022-11-23,1359.86,1355.7
2022-11-24,1356.97,1352.3
2022-11-25,1355.0,1333.2
2022-11-28,1353.04,1326.8
2022-11-29,1351.92,1339.0
2022-11-30,1352.05,1331.5
2022-12-01,1350.87,1320.1
2022-12-02,1347.18,1300.8
2022-12-05,1343.94,1300.4
2022-12-06,1339.72,1293.2
2022-12-07,1335.29,1309.0
2022-12-08,1332.15,1319.5
2022-12-09,1329.74,1320.4
2022-12-12,1327.97,1306.6
2022-12-13,1325.89,1310.0
2022-12-14,1324.05,1304.4
2022-12-15,1321.81,1296.0
2022-12-16,1320.97,1301.0
2022-12-19,1320.65,1310.1
2022-12-20,1319.73,1302.0
2022-12-21,1317.88,1298.0
2022-12-22,1315.93,1286.6
2022-12-23,1313.23,1276.1
2022-12-26,1311.37,1282.2
2022-12-27,1308.78,1276.4
2022-12-28,1306.76,1268.3
2022-12-29,1303.81,1268.4
2022-12-30,1300.49,1267.3
2023-01-02,1296.8,1267.3
2023-01-03,1293.81,1268.9
2023-01-04,1291.52,1272.1
2023-01-05,1290.07,1274.7
2023-01-06,1288.21,1270.3
2023-01-09,1286.27,1267.2
2023-01-10,1283.87,1246.8
2023-01-11,1281.05,1240.8
2023-01-12,1278.39,1245.3
2023-01-13,1275.55,1244.6
2023-01-16,1273.14,1240.6
2023-01-17,1270.55,1234.0
2023-01-18,1267.89,1238.5
2023-01-19,1264.46,1239.8
2023-01-20,1261.52,1236.0
2023-01-25,1259.19,1234.4
2023-01-26,1256.84,1233.4
2023-01-27,1255.06,1231.4
2023-01-30,1253.71,1230.2
2023-01-31,1252.11,1228.7
2023-02-01,1250.95,1230.8
2023-02-02,1249.25,1231.4
2023-02-03,1247.81,1219.3
2023-02-06,1246.86,1227.2
2023-02-07,1247.14,1247.5
2023-02-08,1248.76,1256.0
2023-02-09,1250.28,1257.1
2023-02-10,1252.23,1263.1
2023-02-13,1254.8,1264.3
2023-02-14,1257.6,1274.6
2023-02-15,1261.24,1269.9
2023-02-16,1265.27,1279.3
2023-02-17,1269.52,1283.7
2023-02-20,1273.49,1297.7
2023-02-21,1277.72,1295.8
2023-02-22,1281.77,1295.8
2023-02-23,1286.07,1303.8
2023-02-24,1289.89,1299.6
2023-02-27,1293.57,1300.5
2023-02-28,1297.56,1317.4
2023-03-02,1301.67,1319.2
2023-03-03,1305.17,1310.4
2023-03-06,1308.31,1304.8
2023-03-07,1309.56,1296.7
2023-03-08,1311.01,1299.1
2023-03-09,1312.78,1319.5
2023-03-10,1314.17,1319.7
2023-03-13,1315.54,1325.7
2023-03-14,1315.79,1307.3
2023-03-15,1315.04,1304.9
2023-03-16,1314.49,1302.0
2023-03-17,1315.11,1312.1
2023-03-20,1314.52,1303.6
2023-03-21,1314.7,1308.4
2023-03-22,1314.69,1307.8
2023-03-23,1313.16,1307.1
2023-03-24,1311.6,1287.2
2023-03-27,1309.72,1289.7
2023-03-28,1308.45,1300.3
2023-03-29,1307.49,1297.4
2023-03-30,1306.82,1299.3
2023-03-31,1306.26,1303.8
2023-04-03,1305.23,1295.4
2023-04-04,1304.54,1316.3
2023-04-05,1304.22,1310.3
2023-04-06,1304.87,1311.9
2023-04-07,1305.98,1318.7
2023-04-10,1307.17,1318.9
2023-04-11,1308.83,1320.0
2023-04-12,1310.53,1319.5
2023-04-13,1311.59,1324.2
2023-04-14,1313.16,1318.0
2023-04-17,1313.62,1299.3
2023-04-18,1314.06,1311.3
2023-04-19,1314.85,1318.8
2023-04-20,1315.54,1318.8
2023-04-21,1316.44,1327.6
2023-04-24,1316.94,1327.9
2023-04-25,1317.6,1332.7
2023-04-26,1318.33,1333.3
2023-04-27,1319.41,1337.3
2023-04-28,1321.58,1339.9
2023-05-02,1323.77,1339.1
2023-05-03,1325.35,1340.2
2023-05-04,1326.7,1339.1
2023-05-08,1327.76,1325.6
2023-05-09,1328.17,1322.7
2023-05-10,1328.57,1323.0
2023-05-11,1328.49,1324.2
2023-05-12,1328.08,1320.3
2023-05-15,1328.25,1333.6
2023-05-16,1328.65,1337.8
2023-05-17,1328.7,1336.0
2023-05-18,1329.43,1339.4
2023-05-19,1330.24,1332.7
2023-05-22,1330.99,1331.2
2023-05-23,1331.35,1319.1
2023-05-24,1330.83,1311.4
2023-05-25,1330.68,1317.5
2023-05-26,1330.29,1323.4
2023-05-30,1330.32,1325.6
2023-05-31,1329.73,1322.2
2023-06-01,1328.5,1321.6
2023-06-02,1327.32,1320.7
2023-06-05,1326.3,1308.8
2023-06-07,1324.87,1308.3
2023-06-08,1323.89,1300.5
2023-06-09,1322.82,1306.1
2023-06-12,1321.24,1294.9
2023-06-13,1318.92,1291.1
2023-06-14,1316.57,1277.5
2023-06-15,1312.89,1275.9
2023-06-16,1309.39,1280.1
2023-06-19,1306.2,1273.5
2023-06-20,1303.3,1280.7
2023-06-21,1300.79,1282.2
2023-06-22,1298.62,1291.5
2023-06-23,1297.16,1291.4
2023-06-26,1296.68,1302.2
2023-06-27,1297.2,1303.8
2023-06-28,1298.1,1303.1
2023-06-29,1299.01,1304.3
2023-06-30,1301.47,1312.8
2023-07-03,1304.6,1319.4
2023-07-04,1307.57,1310.0
2023-07-05,1309.56,1301.7
2023-07-06,1310.83,1300.8
2023-07-07,1312.08,1303.8
2023-07-10,1313.25,1307.3
2023-07-11,1313.7,1303.8
2023-07-12,1314.06,1295.0
2023-07-13,1312.76,1291.4
2023-07-14,1309.95,1276.2
2023-07-17,1306.99,1265.8
2023-07-18,1303.91,1266.1
2023-07-19,1300.86,1261.6
2023-07-20,1297.62,1265.4
2023-07-21,1294.51,1265.8
2023-07-24,1291.92,1281.7
2023-07-25,1290.16,1283.8
2023-07-26,1288.71,1280.7
2023-07-27,1287.47,1278.7
2023-07-28,1287.31,1273.4
2023-07-31,1288.15,1280.0
2023-08-01,1287.96,1273.8
2023-08-02,1288.86,1280.7
2023-08-03,1290.15,1293.0
2023-08-04,1291.9,1298.8
2023-08-07,1293.32,1303.9
2023-08-08,1295.11,1304.1
2023-08-09,1297.6,1312.6
2023-08-10,1300.66,1318.3
2023-08-11,1303.67,1317.3
2023-08-14,1307.22,1321.1
2023-08-16,1311.09,1331.3
2023-08-17,1315.36,1338.3
2023-08-18,1319.66,1341.6
2023-08-21,1323.39,1336.9
2023-08-22,1327.07,1341.5
2023-08-23,1330.3,1338.7
2023-08-24,1332.97,1338.0
2023-08-25,1335.16,1324.0
2023-08-28,1336.45,1326.6
2023-08-29,1337.15,1322.5
2023-08-30,1336.97,1322.0
2023-08-31,1336.57,1321.4
2023-09-01,1336.03,1322.3
2023-09-04,1335.74,1319.2
2023-09-05,1334.21,1319.3
2023-09-06,1333.34,1324.3
2023-09-07,1333.22,1332.6
2023-09-08,1333.35,1334.7
2023-09-11,1333.96,1333.4
2023-09-12,1333.97,1332.4
2023-09-13,1334.2,1326.1
2023-09-14,1334.53,1327.8
2023-09-15,1335.38,1326.1
2023-09-18,1336.04,1327.6
2023-09-19,1336.59,1326.0
2023-09-20,1337.08,1323.7
2023-09-21,1336.82,1329.3
2023-09-22,1336.71,1339.1
2023-09-25,1337.26,1337.6
2023-09-26,1337.91,1333.7
2023-09-27,1338.25,1344.8
2023-10-04,1340.2,1351.3
2023-10-05,1342.68,1360.6
2023-10-06,1344.83,1349.4
2023-10-10,1347.08,1348.3
2023-10-11,1349.14,1348.3
2023-10-12,1350.52,1339.6
2023-10-13,1351.62,1339.9
2023-10-16,1352.76,1349.4
2023-10-17,1353.77,1353.8
2023-10-18,1354.67,1351.9
2023-10-19,1355.49,1351.7
2023-10-20,1356.04,1357.6
2023-10-23,1356.59,1355.1
2023-10-24,1356.73,1353.2
2023-10-25,1357.1,1343.9
2023-10-26,1357.51,1347.0
2023-10-27,1358.19,1357.1
2023-10-30,1358.68,1352.3
2023-10-31,1359.06,1352.8
2023-11-01,1359.89,1349.6
2023-11-02,1359.94,1356.9
2023-11-03,1359.91,1343.2
2023-11-06,1358.71,1325.8
2023-11-07,1356.33,1303.2
2023-11-08,1352.77,1306.1
2023-11-09,1349.21,1305.5
2023-11-10,1346.06,1309.0
2023-11-13,1343.15,1316.7
2023-11-14,1339.83,1322.7
2023-11-15,1336.64,1325.3
2023-11-16,1333.72,1302.0
2023-11-17,1330.58,1303.9
2023-11-20,1327.67,1294.4
2023-11-21,1324.94,1292.4
2023-11-22,1322.96,1287.7
2023-11-23,1321.46,1295.7
2023-11-24,1319.62,1298.7
2023-11-27,1317.86,1302.1
2023-11-28,1315.62,1304.7
2023-11-29,1314.31,1294.0
2023-11-30,1312.56,1289.0
2023-12-01,1311.5,1290.4
2023-12-04,1310.88,1303.2
2023-12-05,1310.66,1301.8
2023-12-06,1311.54,1311.7
2023-12-07,1312.43,1312.4
2023-12-08,1313.29,1322.7
2023-12-11,1314.88,1307.9
2023-12-12,1315.75,1318.3
2023-12-13,1317.13,1315.7
2023-12-14,1318.22,1316.5
2023-12-15,1318.39,1295.6
2023-12-18,1318.53,1294.7
2023-12-19,1317.19,1298.7
2023-12-20,1317.39,1304.7
2023-12-21,1316.45,1300.2
2023-12-22,1315.61,1303.8
2023-12-26,1314.53,1300.7
2023-12-27,1313.38,1296.8
2023-12-28,1311.87,1294.4
2023-12-29,1310.84,1289.4
2024-01-02,1309.21,1289.4
2024-01-03,1308.45,1299.3
2024-01-04,1308.82,1308.8
2024-01-05,1309.55,1310.2
2024-01-08,1310.38,1313.7
2024-01-09,1310.84,1314.8
2024-01-10,1312.53,1312.1
2024-01-11,1314.53,1320.1
2024-01-12,1316.37,1316.0
2024-01-15,1318.41,1314.1
2024-01-16,1320.19,1319.3
2024-01-17,1322.04,1329.0
2024-01-18,1324.66,1343.2
2024-01-19,1327.69,1342.4
2024-01-22,1330.19,1336.5
2024-01-23,1331.85,1334.7
2024-01-24,1334.2,1336.0
2024-01-25,1336.39,1339.1
2024-01-26,1338.38,1335.7
2024-01-29,1340.34,1336.6
2024-01-30,1341.66,1336.9
2024-01-31,1341.93,1330.6
2024-02-01,1341.35,1333.5
2024-02-02,1340.96,1332.5
2024-02-05,1341.02,1325.1
2024-02-06,1340.83,1334.6
2024-02-07,1340.47,1329.6
2024-02-08,1340.02,1325.3
2024-02-13,1339.64,1327.2
2024-02-14,1339.27,1328.4
2024-02-15,1339.34,1336.9
2024-02-16,1338.88,1333.2
2024-02-19,1338.75,1333.0
2024-02-20,1338.83,1333.8
2024-02-21,1338.78,1337.9
2024-02-22,1339.32,1335.0
2024-02-23,1340.15,1331.0
2024-02-26,1340.23,1329.3
2024-02-27,1340.53,1331.4
2024-02-28,1340.83,1331.3
2024-02-29,1341.15,1334.0
2024-03-04,1341.56,1334.1
2024-03-05,1341.88,1330.1
2024-03-06,1341.74,1333.2
2024-03-07,1341.76,1335.7
2024-03-08,1341.47,1329.6
2024-03-11,1341.09,1323.1
2024-03-12,1340.35,1314.4
2024-03-13,1339.12,1311.1
2024-03-14,1337.52,1312.8
2024-03-15,1336.38,1316.9
2024-03-18,1335.57,1328.4
2024-03-19,1334.96,1333.0
2024-03-20,1335.35,1338.5
2024-03-21,1335.52,1338.7
2024-03-22,1335.99,1326.3
2024-03-25,1336.61,1336.1
2024-03-26,1338.17,1340.7
2024-03-27,1339.72,1338.6
2024-03-28,1341.8,1345.8
2024-03-29,1344.12,1346.8
2024-04-01,1345.97,1347.4
2024-04-02,1347.79,1347.1
2024-04-03,1349.09,1353.0
2024-04-04,1350.8,1349.1
2024-04-05,1351.85,1346.8
2024-04-08,1353.44,1351.8
2024-04-09,1354.43,1353.6
2024-04-11,1355.86,1354.4
2024-04-12,1357.96,1363.7
2024-04-15,1359.96,1371.6
2024-04-16,1362.57,1383.7
2024-04-17,1365.75,1395.3
2024-04-18,1368.77,1386.3
2024-04-19,1371.5,1375.9
2024-04-22,1373.81,1385.0
2024-04-23,1375.47,1380.6
2024-04-24,1377.96,1377.9
2024-04-25,1379.75,1370.0
2024-04-26,1380.94,1376.6
2024-04-29,1381.55,1375.9
2024-04-30,1381.72,1378.7
2024-05-02,1382.02,1378.0
2024-05-03,1381.9,1378.5
2024-05-07,1381.4,1365.2
2024-05-08,1380.26,1357.8
2024-05-09,1379.09,1364.4
2024-05-10,1378.28,1367.9
2024-05-13,1377.81,1367.9
2024-05-14,1376.97,1370.1
2024-05-16,1376.22,1369.0
2024-05-17,1375.16,1349.4
2024-05-20,1373.57,1355.2
2024-05-21,1372.18,1356.2
2024-05-22,1371.8,1364.4
2024-05-23,1371.88,1363.1
2024-05-24,1371.68,1364.5
2024-05-27,1371.34,1370.0
2024-05-28,1370.65,1365.4
2024-05-29,1370.57,1359.5
2024-05-30,1370.86,1364.8
2024-05-31,1371.33,1376.5
2024-06-03,1372.47,1381.6
2024-06-04,1373.83,1377.6
2024-06-05,1374.36,1373.1
2024-06-07,1375.32,1371.5
2024-06-10,1375.98,1366.9
2024-06-11,1377.27,1377.9
2024-06-12,1378.42,1377.4
2024-06-13,1379.49,1377.8
2024-06-14,1379.78,1371.0
2024-06-17,1379.88,1377.7
2024-06-18,1379.87,1380.4
2024-06-19,1380.43,1380.5
2024-06-20,1380.99,1380.8
2024-06-21,1381.61,1383.8
2024-06-24,1382.52,1389.1
2024-06-25,1382.82,1389.7
2024-06-26,1383.83,1386.4
2024-06-27,1385.21,1390.1
2024-06-28,1386.49,1389.2
2024-07-01,1387.38,1382.4
2024-07-02,1387.94,1380.8
2024-07-03,1388.33,1387.4
2024-07-04,1388.71,1389.4
2024-07-05,1389.16,1381.9
2024-07-08,1388.92,1379.0
2024-07-09,1387.87,1379.4
2024-07-10,1387.56,1383.4
2024-07-11,1387.42,1385.6
2024-07-12,1387.08,1380.1
2024-07-15,1386.46,1376.3
2024-07-16,1385.55,1381.9
2024-07-17,1385.69,1386.0
2024-07-18,1385.29,1381.5
2024-07-19,1385.31,1379.9
2024-07-20,,
2024-07-21,,
2024-07-22,1385.17,
2024-07-23,1386.75,
2024-07-24,1386.92,
2024-07-25,1387.39,
2024-07-26,1387.18,
2024-07-27,1387.18,
2024-07-28,1387.18,
2024-07-29,1386.76,
2024-07-30,1385.74,
2024-07-31,1385.98,
2024-08-01,1386.36,
2024-08-02,1387.31,
2024-08-03,1387.31,
2024-08-04,1387.31,
2024-08-05,1387.88,
2024-08-06,1387.34,
2024-08-07,1388.09,
2024-08-08,1389.13,
2024-08-09,1389.96,
2024-08-10,1389.96,
2024-08-11,1389.96,
2024-08-12,1390.71,
2024-08-13,1391.49,
2024-08-14,1392.13,
2024-08-15,1392.82,
2024-08-16,1393.74,
2024-08-17,1393.74,
2024-08-18,1393.74,
2024-08-19,1394.41,
2024-08-20,1393.65,
2024-08-21,1393.83,
2024-08-22,1393.84,
2024-08-23,1394.11,
2024-08-24,1394.11,
2024-08-25,1394.11,
2024-08-26,1393.87,
2024-08-27,1393.2,
2024-08-28,1393.89,
2024-08-29,1393.91,
2024-08-30,1394.34,
